<!--
  Spawns the robot inside a Gazebo simulation
  -->
<launch>
  <arg name="robot_name" default="kmriiwa"/>
  <arg name="hardware_interface" default="PositionJointInterface"/>
  <arg name="robot_extras" default="$(find kmriiwa_description)/urdf/robot/empty.xacro"/>
  <arg name="robot_state_frequency" default="20" />
  <arg name="init_pose_x" default="0.0"/>
  <arg name="init_pose_y" default="0.0"/>
  <arg name="init_pose_z" default="0.0"/>
  <arg name="init_pose_yew" default="0.0"/>
  
  <!-- upload the robot description -->
  <include file="$(find kmriiwa_description)/launch/kmriiwa_upload.launch">
    <arg name="robot_name" value="$(arg robot_name)" />
    <arg name="hardware_interface" value="$(arg hardware_interface)"/>
    <arg name="robot_extras" value="$(arg robot_extras)"/>
  </include>
  
  <!-- spawn the robot -->
  <node pkg="gazebo_ros" type="spawn_model" name="spawn_$(arg robot_name)"
        args="-x $(arg init_pose_x) 
              -y $(arg init_pose_y) 
              -z $(arg init_pose_z) 
              -Y $(arg init_pose_yew)
              -unpause -urdf -param '/$(arg robot_name)/robot_description' -model $(arg robot_name)" respawn="false">
  </node>

  <!-- Converts joint states to TF transforms for rviz, etc -->
  <node name="robot_state_publisher" pkg="robot_state_publisher" type="robot_state_publisher"
        respawn="false" output="screen">
      <remap from="joint_states" to="/$(arg robot_name)/arm/joint_states" />
      <param name="publish_frequency" value="$(arg robot_state_frequency)" />
  </node>

    <!-- utilize nodelets for efficiency -->
  <node pkg="nodelet" type="nodelet" name="$(arg robot_name)_nodelet_manager" args="manager"/>

  
</launch>
